name,price
Ori Iphone 3 4 4S 5 5C 5S 6 6S 7 Plus SE Lcd Touch Screen Digitizer,57.90
APPLE IPHONE 5 5S SE 6 6S 7 PLUS 0.38mm Slim Transparent TPU Case,15.00
Iphone 3gs 4 4g 4s 5 5s 5c 6 6S Plus Batt Battery + TOOLS @ 6 Mth Wrty,3.95
Iphone 3gs 4 4g 4s 5 5s 5c 6 6S Plus Battery + Tools @ 6 MTH WRTY,3.95
REMAX Fast Charging Lightning Type C Micro USB Cable iPhone - OTG,1.99
APPLE IPHONE 7 6 6S PLUS REMAX ANTISHOCK Waterproof TPU Case,22.00
IPHONE 5 5S SE 6 6S PLUS IPAKY 360 FULL Protection Tempered Glass Case,29.90
Genuine Apple iPhone 4 4S 5 5S 5C 6G 6S Plus LCD Screen Digitizer Tool,70.00
REMAX Fast Charging Lightning Type C Micro USB Cable iPhone Samsung,1.79
iphone 5S SE 6 7 PLUS S6 S7 S8 Edge Note 3 4 5 Metal Waterproof case,42.00
iPhone 3 4 4S 5 5S 5C SE 6 6S 7 Plus LCD Digitizer Touch Screen Fulset,3.98
Original Samsung Iphone 5 6 7 7plus xiaomi USB Cable Earphone Adapter,7.00
APPLE IPHONE 5S LTE 16GB 32GB 64GB Used Good Conditon Set,699.00
IPHONE 4 4S 5 5S SE 6 6S PLUS 360 FULL Protection Tempered Glass Case,10.00
Original Spigen SGP Apple iPhone 7 7 Plus Ultra Hybrid Case Cover ,69.00
Samsung NOTE 3 4 5 S6 S7 Edge S8 Iphone 7 PLUS ClearView Smart Flip Case Cover,23.90
IPHONE 5 5S SE 6 6S 7 PLUS GKK 360 FULL Protection Ultra Fit Case,19.90
Original Genuine Apple Lightning USB Data Charging Cable Ipad Iphone,39.00
Redmi note 2 3 Iphone 5S 6 6+ 6s 6s+ 7 Tempered Glass Screen Protector,1.50
Original Spigen SGP iPhone 6S 6 Plus Ultra Hybrid Case Cover Casing,78.00
NILLKIN iPhone 7 Plus 5s SE 6 6s Plus ipadMini 4 APPLE TEMPERED GLASS,29.90
100% Original SGP Spigen iPhone 6S 6 Plus Capsule Clear Cover Case,59.00
Apple iPhone iPod 3GS 4 4S 5 5S 5C 6 6S 7 Plus Replacement Battery,6.00
IPHONE 5 6 7 Plus Note 3 4 5 7 S4 S5 S6 S7 Edge A5 A7 J5 J7 Case Cover,9.99
Samsung S6 S7 Edge S8 Note Iphone 6 6S 7 Plus FULL Curve Tempered Glass,15.00
3D Full Curve Soft Edge Tempered Glass Apple iPhone 6 6S 7 PLUS Protector,15.00
Apple iPhone 4 4S 5 5S 6 6S Plus Original GOLF Battery Replacement,33.00
APPLE IPHONE 7 4 4S 5 5S 5C 6 6S PLUS XTREME LUNATIK PROTECTION Case,39.90
Anti-Gravity iPhone 5s SE 6 6s 7 Plus Sticky Bumper Slim Case Cover Magical / ,24.90
Magnet Charger Cable 1M iPhone Lightning Android Micro USB 2in1 Type C,26.00
Ori Iphone 6 Lcd + Touch Screen Digitizer Sparepart Repair Service,98.95
Iphone 5 6 6+ 7 7+ Redmi Note 3 4 4A Tempered Glass Screen Protector,1.35
APPLE IPHONE 6 6S 7 PLUS 3D FULL CURVE SOFT PET MOCOLO Tempered Glass,18.00
APPLE IPHONE 5 5S SE 6 6S 7 PLUS IPaky Durable Full Protection Case,19.90
WiFi ELM327 OBD2 for iPhone and Android - Diagnostic Tools for Car ,119.00
APPLE IPHONE 5 5S SE 6 6S 7 PLUS X-LEVEL 360 Full Protection SLIM Case,18.00
Note 1 2 3 Neo S2 S3 S4 S5 Mini Iphone 4 5 Lcd Touch Screen Digitizer,17.90
3 in 1 Apple Iphone 3 Layer Thin Hard Back Case for Iphone 5 5S SE 6 6S 7 Plus,18.90
Aluminium Side Full Cover Tempered Glass for Apple Iphone 5 5S SE 6 6S 7 Plus,20.90
Iphone 4 4S 5 5S 6 6S Plus Lcd Touch Screen Digitizer Sparepart,8.95
Apple EarPods Earphone with Remote and Mic for iPhone iPad iPod EarPod,17.00
ORIGINAL APPLE IPHONE 5/5C/5S/6/6S/6 PLUS/6S PLUS EARPHONE/EARPOD (IMP,74.00
FLING JOYSTICK Mini 360 Control Mobile Legend iPhone iPad Android,9.00
iPhone 5 5s SE 6 6s Plus 7 7 Plus Matte Red Conversion Sticker Skin,9.99
Apple iPhone 5 16GB (Second-Hand 90 DAYS WARRANTY 95% LIKE NEW),435.00
3 in 1 Iphone Micro Type C Baseus 3A Rapid Fast Charging Cable,29.90
iPhone 5 5s 6 6P Battery Original Zero Recycle-Tools & 6-Mth Warranty,10.90
IPHONE 6 6S 7 PLUS AMC 3D PET Full ANTIFINGER MATTE Tempered Glass,25.90
"iPhone 4S RM60, iPhone 5 RM75, iPhone 6 RM120, iPhone 6P RM150 LCD Set",60.00
IPHONE 5 5S 6 6S 7 PLUS BASEUS Fast Charging YIVEN Lightning Cable,19.90
APPLE IPHONE 4 4S 5 5S SE 6 6S 7 PLUS Transparent ANTIDROP SHELL Case,10.00
iPhone 4 4S 5 5S 5C 6 6S 7 Plus Golf Battery Original Replacement,28.90
APPLE IPHONE 7 5 5S SE 6 6S PLUS 360 MIRROR FULL Tempered Glass Case,25.00
APPLE IPHONE 4 4S 5 5S 6 6S PLUS ORIGINAL GOLF Battery Replacement,35.00
Original SPIGEN IPHONE 7 IPHONE7 7 Plus Case Casing Cover,59.90
APPLE IPHONE 7 & 7 PLUS 3D FULL CURVE SOFT PET BASEUS Tempered Glass,25.90
Original Spigen SGP Ultra Hybrid Cover Case for iPhone SE / 5S / 5,79.00
IPhone 4 4S 5 5S 5C 6 6S 7 Plus LCD Digitizer Touch Screen +Tools kit,69.00
Original Spigen SGP iPhone 6S 6 Plus Tough Armor Tech Case Cover,119.00
Iphone 4 4S 5 5S 6 6S 7PLUS AAA Grade Element Solace Metal Bumper Case,35.00
